feature,f_statistic,p_value,eta_squared,importance_score,significant
total_sales,13988.065358750495,0.0,0.5385396997177421,13988.065358750495,True
total_margin,13033.795312916993,0.0,0.5209393262377342,13033.795312916993,True
order_frequency,11549.100416319292,0.0,0.4907181279035937,11549.100416319292,True
customer_return_rate,7488.410051752298,0.0,0.38452564323397787,7488.410051752298,True
avg_order_value,2731.7388740842935,0.0,0.1856085977238306,2731.7388740842935,True
avg_basket_size,1410.9352420769555,5.037856134792435e-292,0.10531776235250481,1410.9352420769555,True
purchase_recency_days,621.8549374101817,7.371626459552314e-134,0.04932281823492479,621.8549374101817,True
customer_tenure_days,4.044769514520665,0.04433077494962237,0.00033734398763920716,4.044769514520665,True
