{
  "concentration": {
    "gini_coefficient": 0.41224257632492717,
    "top_10_pct_share": 0.30298859581436444,
    "top_20_pct_share": 0.4759846410559889,
    "top_50_pct_share": 0.7819377335154434,
    "total_customers_analyzed": 11790,
    "total_erosion": 808252.0689943936
  },
  "segmentation": {
    "k_final": 2,
    "selection_method": "silhouette_score",
    "silhouette_score": 0.3680175959429399,
    "calinski_harabasz": 5339.602168639286,
    "davies_bouldin": 1.334438513872907,
    "cluster_sizes": {
      "0": 3302,
      "1": 8488
    }
  },
  "stability": {
    "mean_ari": 0.9941286598296941,
    "std_ari": 0.0043118505732276866,
    "stability_rating": "EXCELLENT",
    "n_bootstrap_runs": 50
  },
  "significance": {
    "test_name": "Kruskal-Wallis",
    "p_value": 0.0,
    "is_significant": true,
    "eta_squared": 0.5350365033125166,
    "effect_size": "Large"
  },
  "metadata": {
    "analysis_date": "2026-02-09T00:06:02.911458",
    "n_features": 36,
    "random_state": 42
  }
}