{
  "customers": 11790,
  "total_profit_erosion": 808252.0689943936,
  "gini": 0.41224257632492717,
  "top_20_share_of_erosion": 0.4759846410559889,
  "k_used": 2
}