scenario,jaccard_similarity,flip_rate,n_flagged,n_flagged_baseline
8.0,0.956266318537859,0.011177844511177844,2997,2997
10.0,0.974308300395257,0.0065065065065065065,2997,2997
12.0,1.0,0.0,2997,2997
14.0,0.974308300395257,0.0065065065065065065,2997,2997
18.0,0.9323017408123792,0.017517517517517518,2997,2997
