department,item_rows,returned_items,return_rate,returned_item_rows,total_profit_erosion,mean_profit_erosion_per_return,median_profit_erosion_per_return,var_profit_erosion_per_return,total_margin_reversal,total_process_cost
Men,90204,9029,0.10009533945279589,9029,424800.9531389931,47.04850516546607,35.92699992163107,1618.5902834384244,297932.7531389931,126868.2
Women,90704,9179,0.1011973011113071,9179,391699.98914487613,42.6734926620412,32.64600053192676,1083.3139572069492,266361.7891448761,125338.2
